0,1,2,3,4,5,6,7,8,9,10,11,12,13,14,15,16,17,18,19,20,21,22,23,24,25,26
1,A,B,C,D,E,F,G,H,I,J,K,L,M,N,O,P,Q,R,S,T,U,V,W,X,Y,Z
2,B,C,D,E,F,G,H,I,J,K,L,M,N,O,P,Q,R,S,T,U,V,W,X,Y,Z,A
3,C,D,E,F,G,H,I,J,K,L,M,N,O,P,Q,R,S,T,U,V,W,X,Y,Z,A,B
4,D,E,F,G,H,I,J,K,L,M,N,O,P,Q,R,S,T,U,V,W,X,Y,Z,A,B,C
5,E,F,G,H,I,J,K,L,M,N,O,P,Q,R,S,T,U,V,W,X,Y,Z,A,B,C,D
6,F,G,H,I,J,K,L,M,N,O,P,Q,R,S,T,U,V,W,X,Y,Z,A,B,C,D,E
7,G,H,I,J,K,L,M,N,O,P,Q,R,S,T,U,V,W,X,Y,Z,A,B,C,D,E,F
8,H,I,J,K,L,M,N,O,P,Q,R,S,T,U,V,W,X,Y,Z,A,B,C,D,E,F,G
9,I,J,K,L,M,N,O,P,Q,R,S,T,U,V,W,X,Y,Z,A,B,C,D,E,F,G,H
10,J,K,L,M,N,O,P,Q,R,S,T,U,V,W,X,Y,Z,A,B,C,D,E,F,G,H,I
11,K,L,M,N,O,P,Q,R,S,T,U,V,W,X,Y,Z,A,B,C,D,E,F,G,H,I,J
12,L,M,N,O,P,Q,R,S,T,U,V,W,X,Y,Z,A,B,C,D,E,F,G,H,I,J,K
13,M,N,O,P,Q,R,S,T,U,V,W,X,Y,Z,A,B,C,D,E,F,G,H,I,J,K,L
14,N,O,P,Q,R,S,T,U,V,W,X,Y,Z,A,B,C,D,E,F,G,H,I,J,K,L,M
15,O,P,Q,R,S,T,U,V,W,X,Y,Z,A,B,C,D,E,F,G,H,I,J,K,L,M,N
16,P,Q,R,S,T,U,V,W,X,Y,Z,A,B,C,D,E,F,G,H,I,J,K,L,M,N,O
17,Q,R,S,T,U,V,W,X,Y,Z,A,B,C,D,E,F,G,H,I,J,K,L,M,N,O,P
18,R,S,T,U,V,W,X,Y,Z,A,B,C,D,E,F,G,H,I,J,K,L,M,N,O,P,Q
19,S,T,U,V,W,X,Y,Z,A,B,C,D,E,F,G,H,I,J,K,L,M,N,O,P,Q,R
20,T,U,V,W,X,Y,Z,A,B,C,D,E,F,G,H,I,J,K,L,M,N,O,P,Q,R,S
21,U,V,W,X,Y,Z,A,B,C,D,E,F,G,H,I,J,K,L,M,N,O,P,Q,R,S,T
22,V,W,X,Y,Z,A,B,C,D,E,F,G,H,I,J,K,L,M,N,O,P,Q,R,S,T,U
23,W,X,Y,Z,A,B,C,D,E,F,G,H,I,J,K,L,M,N,O,P,Q,R,S,T,U,V
24,X,Y,Z,A,B,C,D,E,F,G,H,I,J,K,L,M,N,O,P,Q,R,S,T,U,V,W
25,Y,Z,A,B,C,D,E,F,G,H,I,J,K,L,M,N,O,P,Q,R,S,T,U,V,W,X
26,Z,A,B,C,D,E,F,G,H,I,J,K,L,M,N,O,P,Q,R,S,T,U,V,W,X,Y